Att,Cmp,Yds,Int,Sack,Loss,TD
554,337,4132,14,23,217,30
451,257,3529,12,27,213,27
404,240,3199,19,23,191,30
463,257,3544,16,35,324,31
273,176,1795,9,15,100,15
589,348,4715,24,32,210,30
417,244,3223,11,44,338,13
509,309,3716,20,41,311,23
436,260,3287,25,30,252,28
301,183,2150,13,26,190,12
320,193,2250,12,49,348,10
446,248,3134,21,34,262,23
454,262,2962,16,31,282,17
424,218,3339,22,33,245,24
439,251,2805,18,13,129,20
306,175,2475,22,17,138,18
320,165,2299,16,36,285,18
488,276,3346,20,44,341,17
522,299,3582,23,37,214,19
478,278,3529,25,37,314,15
521,254,3396,16,23,194,20
457,293,3202,28,27,264,13
425,228,2946,20,39,292,16
275,166,1778,13,24,174,6
321,186,1998,17,14,114,12
278,148,2039,16,26,205,11
327,176,1850,17,17,127,14
479,264,3329,30,42,326,17
234,115,1324,12,13,113,11
402,193,2321,19,36,233,15
554,337,4132,14,23,217,30
451,257,3529,12,27,213,27
404,240,3199,19,23,191,30
463,257,3544,16,35,324,31
273,176,1795,9,15,100,15
589,348,4715,24,32,210,30
417,244,3223,11,44,338,13
509,309,3716,20,41,311,23
436,260,3287,25,30,252,28
301,183,2150,13,26,190,12
320,193,2250,12,49,348,10
446,248,3134,21,34,262,23
454,262,2962,16,31,282,17
424,218,3339,22,33,245,24
439,251,2805,18,13,129,20
306,175,2475,22,17,138,18
320,165,2299,16,36,285,18
488,276,3346,20,44,341,17
522,299,3582,23,37,214,19
478,278,3529,25,37,314,15
521,254,3396,16,23,194,20
457,293,3202,28,27,264,13
425,228,2946,20,39,292,16
275,166,1778,13,24,174,6
321,186,1998,17,14,114,12
278,148,2039,16,26,205,11
327,176,1850,17,17,127,14
479,264,3329,30,42,326,17
234,115,1324,12,13,113,11
402,193,2321,19,36,233,15
309,218,2495,9,26,154,12
330,204,2883,11,12,94,17
252,161,2033,9,30,223,13
247,156,2079,12,25,264,16
346,213,2613,11,20,166,17
261,153,1961,8,23,206,14
240,127,1768,11,18,131,17
210,120,1501,7,27,196,9
262,166,1905,11,20,177,8
209,118,1609,9,7,65,9
286,167,2076,12,31,244,12
169,95,1192,6,23,166,7
308,176,2037,12,21,130,15
261,152,2035,15,23,211,14
218,124,1790,14,25,196,12
298,161,2017,9,17,130,10
189,117,1343,10,13,106,6
205,109,1367,6,31,234,5
307,164,2071,11,11,128,9
223,131,1405,11,16,130,7
161,87,1005,8,12,92,6
179,98,1080,8,10,82,5
221,111,1281,7,16,129,5
132,67,880,8,29,234,6
245,126,1540,11,20,152,7
185,101,1064,8,13,117,4
197,100,1343,14,19,145,10
149,73,993,8,13,95,5
264,144,1597,16,11,105,7
432,274,3167,5,51,348,22
459,276,3714,11,34,242,29
296,173,2210,6,10,80,20
243,147,2139,11,38,279,18
515,332,3910,12,33,224,26
340,215,2975,15,14,107,20
354,209,2636,11,43,315,24
484,289,4458,29,40,307,32
297,198,2333,13,25,187,12
533,334,3980,23,37,314,29
379,230,2935,18,42,363,20
303,168,2411,12,29,195,15
603,346,4348,18,41,284,24
496,291,3566,23,27,233,26
295,175,2184,13,42,266,12
464,274,3276,23,21,178,22
446,235,3315,18,53,385,20
423,249,2906,21,39,289,18
518,308,3478,26,42,314,18
508,281,2995,25,27,266,26
444,239,2840,16,37,254,11
387,204,2577,18,37,274,12
328,163,2353,17,40,278,12
311,176,1988,18,18,159,9
381,197,2553,21,51,339,12
287,151,1875,17,13,120,7
259,123,1663,14,28,218,7
386,190,2516,22,31,218,9
564,362,5084,17,13,120,48
432,279,3630,10,22,138,28
431,259,3228,8,59,409,23
560,345,4614,16,49,377,28
269,181,2158,10,40,300,11
477,283,3391,13,48,341,24
401,237,3195,19,32,244,25
507,317,3740,17,29,228,19
480,276,3671,24,40,314,32
410,252,3076,15,41,335,17
275,175,2107,12,24,191,10
282,151,2098,10,18,163,15
509,308,3554,18,35,308,19
284,143,2021,7,24,190,13
533,286,4044,18,55,434,22
450,259,3338,14,47,371,12
380,214,2598,15,24,158,18
427,234,2754,14,34,270,16
272,147,2137,17,25,211,16
285,156,1939,14,30,214,14
282,153,2151,17,37,228,15
233,126,1580,11,22,178,11
236,124,1678,10,24,145,9
493,271,3472,23,53,345,14
367,195,2366,14,26,211,7
344,191,1991,17,35,357,12
312,161,2178,19,33,267,11
294,147,1707,11,14,136,6
488,297,3888,8,62,399,25
431,251,3443,12,32,289,27
494,303,3653,13,35,246,27
430,254,3638,20,18,135,27
567,336,4137,21,18,157,30
338,181,2536,9,28,223,17
313,178,2392,11,26,125,15
365,218,2658,13,51,351,16
450,267,3157,17,30,257,21
471,265,3214,12,61,442,18
495,275,3829,20,52,396,22
532,285,3602,20,52,448,27
233,117,1428,7,10,80,13
406,223,2952,18,49,343,17
370,197,2488,18,19,143,19
314,172,2206,17,30,226,15
605,327,3891,23,38,307,22
484,255,3450,20,34,289,17
248,124,1578,7,19,121,8
377,200,2709,19,46,366,15
506,277,3522,26,39,255,19
299,168,2156,17,28,229,11
393,199,2414,15,25,180,14
388,193,2608,21,27,202,16
293,145,1843,15,39,291,11
301,167,1774,16,37,314,8
312,161,1992,17,43,312,7
228,113,1635,14,22,203,4
287,149,1677,17,19,135,5
372,208,3000,10,31,178,24
623,378,4746,23,17,119,44
375,225,2921,11,35,281,21
448,276,3328,10,43,336,19
469,273,3959,17,26,194,24
482,300,3690,20,40,353,25
531,310,3854,10,39,274,17
480,285,3593,17,43,330,22
252,133,1986,9,27,215,14
307,191,2236,9,12,95,8
504,280,3485,13,32,233,19
305,192,1919,11,21,153,9
468,259,3487,22,45,359,21
421,240,2583,12,52,381,13
541,276,4109,22,28,240,22
294,150,2007,9,34,249,10
430,252,3031,22,21,173,16
308,161,1922,11,25,180,13
245,128,1405,6,22,156,8
378,215,2727,17,47,362,8
240,129,1721,15,34,227,12
492,263,3247,23,33,243,17
342,189,2353,17,22,191,10
363,195,2282,13,47,326,8
425,216,2444,18,13,97,15
488,256,3489,26,41,332,13
417,204,2225,18,29,213,8
398,266,3054,13,22,158,31
389,241,3033,9,22,129,22
282,163,2230,9,35,225,17
444,263,3245,13,9,77,26
463,275,3387,12,48,350,24
294,178,2131,15,27,247,23
210,125,1639,8,22,136,12
273,154,2107,9,22,161,15
275,159,1891,7,20,185,14
266,152,2070,8,33,238,12
419,250,2798,11,27,239,19
410,224,3198,12,20,138,19
406,223,2786,12,54,380,23
294,164,2119,9,20,119,15
393,234,2696,8,50,364,13
264,140,2106,13,26,194,14
229,128,1587,6,13,100,6
368,184,2806,18,25,198,21
362,215,2617,17,44,353,12
440,240,3321,19,26,209,16
267,129,1878,10,17,149,12
364,206,2517,15,24,176,10
302,162,2064,13,17,139,10
260,136,1728,14,25,178,11
416,232,2598,20,17,127,11
247,132,1507,11,20,128,6
336,156,1896,19,18,151,6
388,223,3572,14,30,245,28
228,134,1741,8,12,92,18
332,204,2746,9,33,227,15
517,308,3964,18,28,197,31
294,160,2327,8,12,120,17
397,238,2981,10,34,223,18
443,255,3395,11,46,315,20
259,156,1890,7,25,172,10
479,263,3359,11,53,405,21
606,354,4434,23,6,31,28
478,280,3156,15,24,171,20
424,236,2567,7,37,267,15
452,269,3380,17,30,229,15
560,301,3808,16,57,442,24
380,213,2609,12,10,88,15
435,245,3139,19,21,112,17
414,224,2935,16,30,246,16
496,274,3309,19,30,237,17
336,178,2119,11,31,176,9
351,184,2133,12,24,207,11
233,129,1619,12,18,128,8
238,105,1643,7,26,215,8
370,175,2634,14,36,292,11
256,113,1839,13,19,178,13
244,141,1490,13,20,148,4
272,147,1580,13,9,45,6
306,126,1558,12,31,251,7
466,222,3240,35,33,292,13
386,271,3521,8,33,198,26
455,258,3525,11,36,288,28
518,304,4310,17,29,214,29
464,280,3631,14,35,267,23
476,280,3768,13,16,108,22
391,228,3130,18,30,216,25
353,222,2686,15,22,171,15
599,353,4318,20,47,268,27
513,303,3533,14,34,192,18
405,228,3061,14,40,244,14
550,308,3997,22,10,86,24
526,280,3459,10,41,318,16
324,196,2529,16,14,111,11
532,290,3400,15,45,343,21
499,286,3309,20,37,289,21
477,288,3346,18,50,391,12
416,223,3051,18,35,298,18
318,176,2132,10,28,167,10
342,187,2365,10,45,452,9
362,190,2317,13,20,125,15
362,194,2543,12,27,194,9
364,204,2591,19,40,266,14
480,258,3133,22,38,294,20
306,156,2058,16,10,68,16
232,117,1671,12,25,153,6
261,133,1697,14,8,64,9
293,155,1749,18,19,155,9
346,219,2829,9,20,158,24
584,362,4689,13,36,252,33
444,258,3444,4,22,191,23
311,184,2284,4,20,104,15
465,271,3466,13,49,431,30
334,182,2849,9,29,197,19
520,321,3944,16,29,153,26
531,306,3563,11,15,90,21
312,180,2178,6,31,206,10
387,223,2725,14,28,213,20
271,142,1974,8,27,173,13
554,307,3989,17,30,198,23
388,222,2735,14,26,167,17
502,294,3526,14,43,311,15
304,166,2070,11,6,33,16
411,226,2855,10,34,262,13
402,224,3031,22,31,198,24
365,203,2818,18,38,330,17
334,181,2152,13,37,320,16
448,265,3194,20,40,360,15
264,150,1925,12,32,178,10
437,237,3098,17,43,285,16
349,182,2278,16,34,188,16
410,216,2574,16,19,150,16
336,179,2010,13,10,76,12
399,226,2579,18,39,288,11
423,230,2562,15,37,220,10
265,139,1625,11,29,228,6
279,180,2517,8,13,79,17
421,249,3564,11,7,59,28
474,304,3844,17,31,227,33
237,141,1617,4,11,91,11
494,307,3487,9,41,232,18
363,237,2754,10,32,224,11
549,318,3970,13,27,182,25
285,179,2032,4,20,100,5
285,187,2080,12,32,216,11
655,404,4690,21,23,174,23
354,211,2166,6,19,91,12
413,220,3103,18,23,145,26
311,187,2239,11,21,128,12
255,141,1638,6,3,26,11
434,256,2965,14,19,161,17
248,149,1676,8,16,134,9
286,156,1963,7,30,214,11
489,287,3300,11,33,273,10
451,242,3253,12,45,305,13
485,292,2910,12,56,481,10
478,275,3121,16,24,163,15
238,128,1490,9,13,105,11
413,233,2883,16,25,190,13
409,246,3073,18,54,379,9
265,136,1635,8,14,74,11
357,189,2562,16,31,238,15
490,277,3438,20,30,200,11
487,262,2896,15,32,214,12
315,165,2053,13,24,197,6
226,115,1362,8,30,152,3
326,166,1994,15,35,234,8
295,151,1753,17,20,99,9
402,268,3465,7,29,152,25
253,152,1739,6,16,103,15
473,302,3445,14,23,112,23
346,224,2521,12,16,105,18
384,233,2775,11,60,437,19
471,302,3227,13,34,208,18
554,330,4116,16,28,173,24
313,185,2283,9,27,208,13
422,249,3287,16,15,119,19
227,149,1710,11,15,90,9
462,269,3457,19,20,145,23
475,281,3323,18,26,204,22
413,230,3115,12,48,323,15
413,245,2832,15,29,226,15
454,263,3356,18,28,218,16
358,202,2486,12,31,167,13
358,206,2554,16,35,259,14
279,159,1905,13,25,177,12
479,269,3282,17,23,176,13
316,174,2242,17,36,272,10
253,123,1476,11,25,180,11
306,167,1963,15,27,188,7
278,144,1407,15,19,150,11
387,192,2280,17,27,215,7
255,121,1307,11,34,265,6
462,314,4023,16,31,160,29
392,271,3100,6,26,153,15
551,348,4030,10,39,293,25
400,247,3038,9,37,217,15
298,181,2144,7,12,61,13
230,130,1797,9,17,101,14
309,181,1905,5,19,148,14
473,288,3421,11,18,139,16
233,133,1773,8,7,49,12
430,263,2978,17,29,190,24
418,258,3164,17,29,206,18
419,236,3242,10,38,206,14
470,288,3382,18,25,171,18
486,270,3208,7,41,331,14
407,234,2526,6,26,190,8
331,200,1968,8,23,104,9
227,136,1707,10,18,143,7
520,303,3485,21,34,218,21
238,128,1402,4,14,98,6
522,318,3303,24,30,199,19
325,200,2002,11,43,210,7
324,173,1981,10,18,142,12
388,221,2457,15,37,225,12
486,274,2833,17,47,235,12
343,190,1935,9,40,202,6
457,233,3054,21,35,236,18
252,157,1670,14,34,174,6
429,214,2494,15,16,99,15
274,135,1652,12,18,125,8
319,166,1514,10,16,87,4
461,324,3969,10,31,163,35
582,363,3882,14,31,188,33
615,385,4453,17,18,113,30
494,307,3490,10,46,303,16
361,233,2676,12,14,59,13
540,346,3855,18,21,164,22
448,285,3114,17,34,244,22
493,299,3283,9,19,132,16
524,322,3734,18,32,206,23
399,225,2919,10,22,129,16
453,264,3209,12,25,223,17
455,263,3334,16,41,232,20
601,371,4264,19,29,235,18
370,212,2443,9,35,250,13
343,208,2078,8,11,52,10
440,255,2782,13,19,134,17
306,156,2154,9,19,120,14
490,265,3229,13,43,333,16
691,400,4555,27,22,139,25
317,173,2104,14,28,193,16
350,201,2536,16,42,248,12
376,207,2575,18,12,83,16
381,195,2151,7,27,145,11
238,133,1510,7,11,85,4
231,131,1327,9,24,165,6
240,121,1287,7,27,166,6
246,119,1456,11,12,63,10
255,130,1545,9,20,129,5
265,120,1658,12,12,83,10
314,200,2575,5,36,219,17
570,359,4413,13,33,217,38
432,280,3304,7,14,89,16
522,315,3838,10,15,95,29
583,346,4338,12,31,145,32
447,299,3200,11,25,115,20
606,377,4228,14,38,277,33
482,309,3668,15,22,153,24
557,336,4143,11,43,270,24
356,225,2460,10,21,173,17
392,241,2883,10,17,87,17
416,246,2970,7,15,126,17
567,345,3970,14,27,210,26
542,316,3970,14,22,180,26
346,201,2168,7,39,238,15
286,172,1998,9,22,133,12
567,326,3822,17,24,152,28
458,255,3130,13,26,181,22
478,282,3381,14,23,197,17
520,293,3121,10,21,158,21
405,232,2623,15,31,244,18
456,254,2814,10,44,206,11
521,304,3554,21,53,380,16
389,221,2275,15,27,198,16
396,199,2751,13,23,192,13
375,215,2326,14,33,166,8
636,323,3507,16,23,170,13
391,209,2564,20,42,255,13
433,214,2717,19,24,150,14
415,224,2774,18,47,331,4
316,214,2410,6,34,160,14
543,325,3899,13,40,241,39
311,195,2258,10,15,119,17
466,287,3328,14,26,194,26
549,325,4177,19,34,270,33
373,221,2795,9,18,131,17
557,353,4367,20,50,257,19
623,373,4086,15,30,190,27
402,242,2548,14,32,181,23
401,238,2911,13,27,171,15
549,308,3624,14,44,278,24
465,296,3126,13,18,120,12
320,184,2099,11,25,153,16
364,204,2454,9,18,114,14
470,270,3453,11,22,134,12
416,232,2670,13,20,187,18
405,232,2630,11,36,190,13
377,226,2278,12,14,104,14
274,146,1624,7,19,120,12
437,253,2917,17,36,199,17
379,222,2810,19,37,287,14
488,294,3152,25,27,150,22
401,222,2767,17,16,105,15
368,192,2544,15,48,306,15
339,190,2293,14,17,109,11
464,267,2797,16,19,154,12
331,175,2205,16,14,94,15
247,134,1610,9,19,122,7
438,235,2572,13,22,161,12
482,267,2859,19,28,207,12
398,214,2412,20,49,276,12
265,136,1546,12,22,84,5
356,241,3029,6,35,220,19
342,202,2692,7,39,261,20
513,304,3867,16,25,176,35
435,264,3281,7,33,189,18
521,290,3917,9,58,430,29
522,314,3706,15,30,258,28
502,280,3635,11,34,203,27
309,189,2060,4,41,256,10
452,275,3036,12,26,164,20
225,128,1573,6,28,183,11
528,313,3678,16,30,192,25
386,217,2555,11,32,196,21
548,319,3780,11,20,132,16
460,259,2796,7,45,289,17
509,293,3484,14,41,271,19
314,179,1943,6,19,150,11
518,292,3283,12,33,269,19
317,184,2125,7,39,244,8
470,271,2971,15,20,129,18
440,236,3020,17,20,152,21
477,275,3011,14,25,149,14
244,134,1567,6,19,94,7
402,204,2682,12,23,146,17
296,157,2203,15,52,291,15
487,252,3254,13,43,317,14
225,121,1488,6,18,144,5
294,156,1740,9,19,171,11
415,216,2665,13,31,190,14
391,215,2367,13,39,278,12
250,130,1408,5,16,115,4
237,118,1357,10,21,168,6
381,200,2124,21,27,200,11
425,259,3704,10,20,132,34
421,259,3256,7,19,140,29
517,322,4170,12,48,234,36
327,190,3154,12,45,283,25
356,210,2806,10,18,135,22
343,212,2216,4,30,217,15
354,208,2601,9,28,172,20
315,187,2330,5,9,58,12
343,216,2613,12,44,251,17
551,347,4212,23,38,223,31
354,202,2711,11,12,78,20
303,173,2178,6,37,222,11
250,151,1823,7,10,71,9
509,278,3441,11,49,338,23
481,263,3633,14,36,295,20
354,206,2305,6,25,155,10
492,289,3228,10,33,176,15
537,310,3497,15,23,178,23
258,145,1632,8,22,140,11
547,324,3737,20,49,280,17
429,225,2729,15,27,172,21
293,164,1839,11,23,145,12
575,326,3739,28,22,109,26
408,241,2535,14,41,237,7
299,160,1603,10,22,172,11
458,252,2560,18,33,211,11
353,170,2213,15,31,191,12
260,135,1754,16,36,207,10
320,149,1803,19,15,111,8
224,114,961,9,35,185,0
245,111,1289,15,22,140,2
461,267,3586,11,36,240,27
395,233,2797,13,34,263,20
530,332,4082,24,28,195,24
498,304,3615,22,34,284,26
339,189,2340,10,46,324,16
505,285,3661,18,23,201,20
423,206,3286,20,45,341,28
472,259,3724,25,24,196,26
374,190,2669,12,34,272,18
420,252,3169,20,17,140,15
457,270,2932,15,42,326,15
458,238,3572,15,43,387,14
535,286,3793,26,43,347,28
578,347,3652,21,17,119,17
310,176,2160,16,26,223,14
370,204,2626,19,30,241,16
255,134,1535,8,15,145,9
566,315,3397,24,36,249,23
290,163,1854,14,21,178,11
380,204,2505,20,39,286,17
334,171,2660,22,25,222,16
265,134,1743,14,39,319,13
322,179,2247,18,32,256,10
324,163,2090,18,29,212,14
270,146,1484,14,37,244,6
378,194,2218,20,25,183,9
368,183,2238,23,40,361,11
397,166,2448,24,7,57,18
413,231,3190,16,32,219,25
368,207,2915,20,21,222,28
381,224,2999,20,22,130,24
235,148,1791,11,18,165,11
471,291,3416,16,37,301,17
399,222,2906,15,29,229,21
267,146,1802,8,36,238,11
351,199,2294,17,25,237,18
443,248,3283,20,44,284,15
330,175,2136,15,29,243,16
368,199,2473,17,15,123,16
572,345,3468,32,27,254,25
398,206,2487,16,41,288,16
477,240,3121,18,20,166,16
444,229,2995,19,32,216,13
362,181,2824,23,21,184,15
266,124,2002,16,28,228,13
406,237,2944,30,37,347,16
390,187,2593,18,42,391,13
369,187,2489,18,39,349,10
328,168,2093,17,35,258,10
319,173,2219,22,30,237,10
290,159,1573,13,18,171,5
264,141,1718,16,26,208,5
296,154,1882,21,32,340,10
301,143,2096,23,28,205,12
302,137,1570,22,17,156,8
307,180,2252,13,36,303,22
361,210,2620,9,30,219,18
216,122,1551,6,17,151,11
254,131,1929,8,43,338,14
393,224,2686,11,26,221,17
294,169,2176,20,16,141,20
314,162,2523,19,26,235,17
323,166,2145,11,28,197,11
258,155,1734,14,22,232,9
205,113,1284,9,36,288,8
240,135,1359,7,34,302,6
201,99,1187,7,22,180,8
305,160,2162,21,14,155,17
355,186,2542,20,13,89,13
319,169,1987,18,20,198,13
248,128,1693,14,30,242,9
293,154,2004,18,23,200,11
346,166,2183,21,47,342,18
265,133,1863,17,24,203,11
282,143,1823,15,30,285,9
211,109,1240,11,12,106,5
457,221,2803,24,36,273,12
251,104,1687,19,11,43,16
220,113,1346,14,21,187,5
241,103,1346,14,32,262,4
291,194,2737,17,19,203,27
343,207,3104,9,29,284,24
291,168,2191,8,55,397,17
412,255,2961,8,25,221,17
388,218,2946,13,17,132,18
369,208,2715,11,29,215,14
272,162,2097,12,30,266,11
338,189,2682,13,31,284,12
312,178,2113,14,16,142,17
338,179,2367,14,34,235,19
359,208,2535,15,39,220,14
206,108,1252,10,15,125,12
309,167,1795,10,24,234,10
270,128,1931,13,39,261,11
243,126,1592,16,26,249,13
302,145,1903,20,18,155,18
213,103,1288,8,26,189,4
311,156,1628,12,32,267,7
284,153,1865,20,39,285,9
246,123,1247,14,29,235,9
243,115,1465,14,28,279,7
439,208,2571,27,25,196,12
271,118,1580,15,24,225,8
230,114,1090,16,16,150,4
232,82,998,16,22,166,7
377,228,3169,11,32,247,21
425,273,2994,13,27,245,25
344,203,2483,8,38,325,18
286,165,2055,9,31,290,18
321,169,2426,17,20,153,25
348,198,2666,16,36,213,17
346,178,2440,16,23,138,23
285,157,2148,15,21,180,14
345,182,2507,19,6,43,19
292,151,1644,11,18,131,13
293,171,2296,24,19,202,16
363,186,2359,16,47,331,11
233,128,1562,14,23,187,9
342,163,2053,16,24,210,14
274,139,1976,18,22,207,11
207,102,1151,7,11,80,5
255,115,1662,15,19,197,13
205,114,1083,9,16,168,3
353,191,2095,21,35,284,6
326,157,2286,28,27,253,15
313,162,1749,19,28,261,4
338,159,1683,20,49,390,7
328,213,2667,10,36,292,18
310,178,2469,12,18,141,26
198,106,1544,6,12,101,11
244,136,1969,9,36,270,13
234,137,1632,6,13,96,10
351,199,2598,12,17,142,17
253,152,1968,15,27,202,16
388,200,2411,8,16,134,20
292,166,1874,7,24,172,8
247,140,1571,10,23,225,10
361,191,2616,22,19,195,20
232,119,1588,12,32,235,12
360,190,2552,15,45,309,11
338,193,1867,12,35,259,9
235,138,1573,13,25,199,7
352,173,2457,22,21,174,19
270,143,1610,12,36,328,8
239,124,1522,13,13,97,9
237,115,1732,13,12,99,8
299,142,1752,14,15,106,8
212,96,1274,8,7,79,4
283,142,1663,17,24,260,6
261,134,1429,16,26,172,6
256,117,1384,17,33,280,9
286,179,2428,15,43,269,23
274,169,2113,7,31,270,15
258,135,2008,11,17,126,22
260,163,1997,10,34,261,14
460,270,3219,12,31,219,23
218,116,1422,8,11,75,17
227,122,1656,9,15,88,14
329,179,2428,12,24,163,18
320,178,2223,10,22,168,15
230,120,1786,8,28,256,10
346,184,2465,17,26,177,20
201,101,1228,8,19,127,9
376,193,2550,17,37,350,13
267,140,1642,12,28,177,10
299,148,1719,20,44,362,9
290,154,1482,17,30,313,5
235,131,1483,22,9,67,7
225,120,1648,11,9,67,19
325,196,2307,12,8,66,17
378,215,2651,13,26,203,18
281,149,1998,12,14,136,18
277,154,2158,12,39,255,13
222,115,1392,6,11,96,11
269,147,1983,16,14,114,18
238,132,1783,14,12,82,14
301,171,1918,7,18,155,7
305,175,1835,12,28,255,13
324,162,2816,21,11,101,19
268,134,2066,17,25,149,18
339,185,2396,21,23,179,15
448,230,2781,21,43,347,18
308,147,1887,12,29,237,12
323,165,2027,15,12,102,12
258,136,1666,17,38,320,14
305,144,1994,16,23,183,13
224,108,1508,12,38,322,7
299,144,1711,12,37,310,7
370,190,2449,26,19,187,15
199,86,1252,9,13,86,6
198,75,1246,12,32,175,9
355,169,2196,25,39,385,8
211,126,1882,4,23,175,15
263,145,2089,9,23,248,19
222,138,1624,7,13,122,10
301,167,2504,13,30,303,15
261,136,2237,13,29,232,16
226,136,2005,16,21,150,11
352,180,2238,10,25,200,17
306,166,2221,13,16,110,13
431,233,3075,25,16,145,21
328,158,2158,16,36,319,19
269,143,1957,15,13,134,11
242,118,1717,16,18,172,16
386,226,2567,21,27,232,11
387,208,2642,24,11,111,18
210,96,1191,5,10,68,6
325,174,2319,23,22,222,13
373,203,2259,22,33,287,13
243,110,1626,14,13,139,8
291,149,1813,26,33,276,11
270,127,1702,21,20,152,7
225,91,1164,15,30,235,5
378,223,2941,10,8,67,24
337,202,2354,10,25,214,23
207,102,1819,7,20,166,15
389,219,2777,12,36,249,19
269,156,1806,13,36,274,16
327,162,2388,15,42,327,22
356,179,2516,15,15,127,22
407,211,2552,12,20,134,16
245,142,2019,17,31,282,12
262,141,1876,14,34,277,13
313,159,2156,16,8,79,16
278,143,1647,9,21,154,9
335,181,2323,20,21,181,15
321,178,2507,20,41,387,10
321,166,2213,18,19,158,14
257,128,1720,10,23,161,7
255,140,1645,13,29,252,8
385,194,2130,18,24,206,16
373,171,2575,18,26,216,14
281,144,1652,12,15,124,7
237,135,1557,17,19,155,6
238,112,1340,11,28,228,7
219,98,1104,17,27,231,3
218,83,1410,24,25,242,6
595,341,4091,23,35,223,22
571,343,4436,15,50,280,36
539,305,3985,21,55,342,19
533,331,4135,15,14,116,26
519,316,4005,13,29,177,24
515,304,3840,14,49,241,24
499,294,3389,15,26,170,22
499,325,4353,13,29,201,41
495,270,3346,16,32,198,23
478,264,3171,16,26,176,19
452,261,3032,14,27,176,14
442,263,2964,12,19,130,17
441,259,3060,9,29,174,14
434,249,2761,14,37,208,10
399,223,2447,13,56,359,15
389,215,2670,12,30,168,16
381,201,2111,24,27,152,9
375,225,2544,11,15,104,11
369,204,2448,17,9,66,12
331,190,2318,11,16,112,8
331,187,2179,8,16,74,12
329,191,2816,12,28,228,23
320,169,2136,8,33,190,17
307,174,2339,11,32,230,16
288,175,2117,7,28,202,9
275,167,1645,6,13,79,10
275,160,1464,10,22,131,6
272,161,1678,6,11,69,14
271,160,1697,9,26,184,9
270,151,1957,7,36,186,13
268,139,1916,16,19,152,7
258,139,1625,8,15,104,12
244,146,1619,11,26,189,11
235,127,1465,10,18,94,8
227,119,1276,9,20,109,7
216,125,1288,4,28,185,8
216,106,948,7,28,204,8
200,124,1475,9,15,101,8
195,116,1382,5,9,63,10
176,95,1062,9,22,102,5
174,110,1242,6,7,43,7
170,77,988,8,17,116,3
169,84,944,6,18,130,2
159,85,970,6,11,79,6
153,80,805,6,19,110,2
146,89,875,4,11,78,7
141,78,788,10,7,62,2
118,62,759,4,12,78,2
100,54,536,4,10,66,0
94,61,656,2,7,47,2
91,47,548,2,4,26,4
84,42,593,4,5,37,4
84,45,446,4,8,63,3
81,46,527,1,7,51,2
76,42,521,5,6,42,3
64,32,314,1,5,21,3
56,24,236,4,6,30,1
55,32,270,1,5,36,0
48,22,191,3,5,32,0
34,25,298,0,1,9,2
30,18,283,0,6,34,2
29,10,181,2,0,0,3
20,12,87,3,0,0,0
17,8,107,1,2,9,2
16,9,136,2,3,23,1
15,10,96,1,0,0,1
14,9,91,0,1,3,0
13,7,47,2,0,0,0
11,6,165,0,3,30,2
10,3,41,0,1,9,1
7,5,78,0,1,3,0
6,1,4,0,0,0,0
5,4,23,0,0,0,0
5,2,10,0,0,0,0
4,0,0,0,0,0,0
3,2,11,0,1,6,0
3,1,20,0,0,0,0
2,1,17,0,0,0,0
2,0,0,0,0,0,0
1,1,21,0,0,0,1
1,0,0,0,0,0,0
1,0,0,0,0,0,0
1,0,0,0,0,0,0
1,0,0,0,0,0,0
1,1,8,0,0,0,0
1,0,0,0,0,0,0
1,0,0,0,1,9,0
1,1,2,0,0,0,0
1,1,27,0,0,0,1
1,1,6,0,0,0,0
1,1,26,0,0,0,0
1,0,0,0,0,0,0
1,0,0,0,0,0,0
1,0,0,0,0,0,0
1,0,0,0,0,0,0
1,0,0,0,0,0,0
1,0,0,0,0,0,0
1,0,0,0,0,0,0
1,1,9,0,0,0,0
1,0,0,0,0,0,0
590,328,3732,25,13,71,21
580,338,3812,16,33,236,20
571,357,4413,15,20,131,33
569,330,3365,13,45,262,21
561,355,4278,10,24,155,31
547,326,4169,14,29,213,28
533,324,3730,18,62,331,19
531,312,3291,13,45,264,17
529,311,3610,13,28,243,22
512,311,3640,14,54,289,20
475,270,2946,21,22,151,13
474,297,3937,16,34,181,33
473,284,3430,11,28,124,28
428,233,2769,13,37,240,18
418,259,2658,19,33,166,18
412,221,2489,15,41,242,13
396,248,2847,13,24,141,15
365,228,2505,15,20,150,11
357,204,2402,14,23,129,14
347,235,3429,18,20,115,21
336,216,2688,4,17,139,19
331,192,2236,12,40,251,10
322,161,1883,18,31,155,11
306,175,2125,7,49,292,12
302,184,2025,9,24,150,13
289,151,1860,8,30,150,11
280,154,1646,9,27,169,8
274,150,1578,8,20,152,8
267,118,1253,6,36,191,3
262,156,1632,14,13,91,7
240,145,2063,5,24,145,16
232,138,1776,8,12,77,9
231,132,1700,3,10,68,8
226,134,1502,11,23,135,12
215,137,1483,9,10,78,7
210,117,1047,8,17,116,2
202,123,1416,10,14,96,8
194,113,1514,6,15,94,9
194,113,1389,6,12,94,7
187,89,966,8,16,82,3
178,102,964,6,5,24,3
148,66,878,1,13,70,1
125,74,849,4,8,45,6
116,57,524,5,8,60,2
91,56,503,4,12,75,1
87,49,540,2,13,72,3
82,47,382,1,2,7,1
69,40,467,3,10,53,2
67,36,406,3,13,75,2
64,36,530,3,3,23,2
63,39,318,3,4,22,1
54,22,167,1,13,89,0
53,27,241,2,8,51,0
53,22,237,3,12,92,0
41,21,206,4,6,24,0
34,15,208,1,5,46,1
33,22,307,1,0,0,2
32,16,120,1,7,51,0
21,11,66,1,3,16,0
20,10,82,1,1,6,0
20,10,126,0,1,6,1
19,10,104,0,1,2,1
10,6,65,0,3,24,1
9,3,80,1,0,0,1
8,4,67,0,0,0,0
5,2,67,0,1,4,1
5,3,53,0,2,21,1
4,1,21,0,0,0,0
3,1,6,0,0,0,0
3,1,23,1,0,0,0
3,2,19,0,0,0,0
3,3,19,0,0,0,0
2,0,0,1,0,0,0
2,0,0,0,0,0,0
2,2,-2,0,0,0,0
2,2,53,0,0,0,1
1,1,13,0,0,0,0
1,0,0,0,0,0,0
1,0,0,1,0,0,0
1,0,0,0,0,0,0
1,0,0,0,0,0,0
1,0,0,1,0,0,0
1,0,0,0,0,0,0
1,0,0,0,0,0,0
1,0,0,0,0,0,0
1,0,0,0,1,5,0
1,1,18,0,0,0,0
1,1,3,0,0,0,0
1,1,18,0,0,0,1
1,1,44,0,0,0,0
1,1,31,0,0,0,0
1,1,-4,0,0,0,0
1,0,0,0,0,0,0
1,1,36,0,0,0,0
1,0,0,1,0,0,0
1,0,0,0,0,0,0
1,1,8,0,0,0,0
1,0,0,0,0,0,0
1,1,34,0,0,0,0
0,0,0,0,1,1,0
581,313,3216,22,25,185,12
568,327,3764,16,36,206,19
559,340,3406,11,44,269,13
558,312,3832,22,50,330,26
549,361,3828,9,27,155,27
547,343,4131,23,29,232,26
546,375,4830,22,38,233,36
540,293,2931,19,26,177,11
525,304,3653,14,29,204,18
523,296,3783,24,39,198,17
521,294,3464,18,25,168,15
510,314,3921,15,22,151,32
504,316,3538,12,26,114,32
493,285,3233,12,39,273,25
473,289,3309,13,57,387,19
467,265,3033,18,28,215,15
454,272,3040,21,51,353,17
451,275,2827,19,38,241,23
450,273,3290,19,27,178,20
442,266,3109,11,29,175,14
441,260,2752,14,18,122,15
431,264,3350,12,37,251,21
413,264,2843,12,41,216,18
395,228,2299,10,11,72,13
370,198,2386,10,29,173,10
366,235,2612,13,33,186,14
365,223,2847,14,41,261,16
341,198,2392,12,33,176,12
321,176,2023,8,38,251,7
307,178,2056,11,14,73,12
216,134,1465,7,31,196,5
176,90,1072,7,12,56,5
151,92,906,10,12,75,3
129,84,694,6,6,48,5
122,73,1014,4,10,72,7
115,53,671,1,21,122,3
113,50,785,3,21,113,2
98,48,529,5,5,30,5
98,48,418,6,10,65,1
89,51,795,4,4,27,8
89,54,573,2,12,66,3
88,45,494,3,12,82,1
76,42,496,2,6,58,2
66,40,400,2,5,21,2
61,32,361,1,6,43,1
49,26,314,5,5,22,3
48,30,308,0,3,21,3
42,23,168,3,6,38,0
33,15,201,2,1,2,1
31,21,210,1,3,29,0
30,17,133,3,3,24,1
27,15,221,0,2,12,1
20,10,92,0,1,8,1
19,13,131,0,2,16,2
17,9,127,0,1,5,1
14,5,51,1,1,9,0
14,10,143,1,0,0,2
12,7,114,0,0,0,1
12,7,73,0,1,6,0
12,4,38,3,2,15,0
9,7,154,1,1,4,1
9,5,57,0,1,6,0
8,4,34,0,2,15,0
8,5,37,0,1,3,0
5,3,23,0,2,13,1
4,3,40,0,0,0,0
4,3,34,0,0,0,0
3,2,45,0,0,0,0
3,3,22,0,2,7,0
3,0,0,0,0,0,0
2,1,32,0,0,0,1
2,1,34,0,0,0,1
2,0,0,0,0,0,0
2,0,0,2,0,0,0
2,0,0,1,0,0,0
2,1,12,0,0,0,1
2,2,40,0,0,0,0
2,1,60,1,0,0,1
2,2,21,0,0,0,0
2,0,0,1,0,0,0
1,0,0,0,0,0,0
1,0,0,0,0,0,0
1,1,39,0,0,0,1
1,0,0,1,0,0,0
1,1,23,0,0,0,0
1,0,0,0,0,0,0
1,1,-1,0,0,0,0
1,1,40,0,0,0,0
1,0,0,0,0,0,0
1,1,51,0,0,0,1
1,0,0,0,0,0,0
1,0,0,0,1,0,0
1,1,18,0,0,0,0
1,0,0,0,0,0,0
1,0,0,0,0,0,0
1,1,31,0,0,0,1
1,1,18,0,0,0,1
1,1,27,0,0,0,1
1,0,0,0,0,0,0
1,0,0,0,0,0,0
618,418,4689,10,36,214,26
610,375,4359,15,54,369,24
601,373,3764,14,31,190,28
591,392,4200,19,23,145,27
551,341,3658,16,26,188,27
549,333,3853,23,47,244,18
545,335,4073,14,24,152,19
530,284,2972,20,36,248,18
528,283,3572,15,36,236,27
528,328,3344,10,17,93,21
526,320,3284,16,24,180,17
492,301,3387,15,21,121,22
473,294,3178,16,24,159,16
470,287,3690,13,26,141,26
451,281,3049,6,21,121,22
444,233,2592,15,76,411,9
443,273,2842,18,30,213,18
436,291,3214,15,34,237,15
429,215,2294,16,8,75,12
421,231,2936,8,33,206,16
419,267,3075,10,26,143,15
416,245,2788,7,34,210,17
399,275,3120,6,22,135,22
381,223,2630,14,31,192,15
377,234,2836,16,26,148,20
361,211,2289,6,28,166,17
314,180,1944,9,16,101,13
295,165,2084,11,30,203,13
292,179,2024,9,13,89,14
250,127,1555,8,34,265,7
237,124,1251,6,9,54,11
227,117,1539,8,18,132,9
221,125,1465,8,19,130,7
220,144,1431,11,21,130,3
214,138,1826,6,12,102,14
195,124,1216,10,10,77,7
182,97,1034,3,11,68,7
168,94,1182,6,7,36,4
166,109,1155,6,7,46,6
161,103,1023,4,23,144,4
160,92,1045,6,12,90,4
154,86,1011,5,7,48,6
147,62,874,9,12,99,7
117,68,925,5,12,78,6
106,64,790,4,5,40,8
92,58,719,6,11,83,3
88,57,536,2,19,94,1
85,44,437,5,10,74,1
83,54,499,3,9,62,3
57,37,448,3,3,11,2
51,18,207,5,4,20,3
46,23,231,2,7,40,1
44,15,171,4,7,60,0
43,26,232,0,5,26,2
38,17,180,3,6,35,0
33,12,117,1,3,23,0
28,19,224,0,1,8,2
28,19,134,0,1,8,1
27,10,80,1,1,5,0
18,7,66,2,5,50,0
11,3,64,0,0,0,0
10,8,113,0,0,0,0
9,6,59,0,0,0,0
8,7,45,0,1,10,0
6,3,85,0,2,22,0
6,5,73,0,0,0,1
5,1,44,0,0,0,1
5,2,7,0,2,16,0
5,3,24,0,0,0,0
4,3,30,0,0,0,0
3,1,13,0,0,0,1
3,0,0,0,0,0,0
2,1,5,0,0,0,1
2,1,3,0,0,0,0
2,1,33,0,0,0,1
2,0,0,0,0,0,0
2,2,5,0,0,0,0
2,1,13,0,0,0,0
1,0,0,0,0,0,0
1,0,0,1,0,0,0
1,1,20,0,0,0,0
1,0,0,0,0,0,0
1,0,0,0,0,0,0
1,0,0,0,0,0,0
1,1,31,0,0,0,1
1,1,39,0,0,0,1
1,0,0,0,0,0,0
1,0,0,0,0,0,0
1,1,17,0,0,0,0
1,0,0,0,0,0,0
1,0,0,0,0,0,0
1,1,27,0,1,0,0
1,0,0,0,0,0,0
1,1,14,0,0,0,1
1,1,12,0,0,0,1
1,1,57,0,0,0,1
1,0,0,0,0,0,0
1,0,0,1,0,0,0
1,0,0,0,0,0,0
1,0,0,0,1,1,0
556,369,4591,17,32,227,27
548,379,4717,11,46,238,39
542,309,3810,16,41,223,21
540,346,4088,17,12,93,30
533,310,3886,15,33,246,29
521,303,4089,20,15,90,27
513,289,3495,20,25,144,21
497,336,4557,10,13,101,49
495,297,3532,20,34,182,17
489,274,3047,12,36,196,19
485,321,3964,14,41,302,21
474,288,3692,14,26,162,28
474,279,3382,15,30,155,22
469,300,3875,8,32,192,31
466,285,3531,14,49,301,16
464,258,2559,11,35,247,13
450,256,2932,16,37,215,20
441,267,2941,10,25,114,15
432,263,2897,18,25,178,18
408,233,2511,10,31,263,11
400,262,3159,7,18,131,27
370,242,2673,9,18,103,16
357,218,2486,10,30,216,18
356,191,1893,15,23,136,11
336,233,2632,12,26,169,20
325,198,2169,10,37,211,10
321,181,2313,12,46,266,14
295,196,2621,11,30,213,17
277,174,2054,4,39,196,6
272,169,1665,11,23,137,10
252,144,1731,9,24,99,10
237,118,1194,6,15,105,7
226,123,1231,9,13,94,6
215,129,1343,9,13,95,8
197,95,1043,9,13,83,6
190,101,1186,8,25,165,7
161,92,903,3,23,160,4
127,59,718,6,23,158,3
104,61,623,4,6,41,5
103,65,674,3,8,55,3
98,48,608,7,12,122,4
98,51,413,3,15,109,1
87,59,737,5,5,31,7
84,47,607,3,5,22,1
84,47,502,4,6,42,1
73,42,467,3,10,75,1
72,38,374,1,6,35,2
70,33,330,4,4,14,1
68,41,524,2,5,17,3
62,35,463,8,7,54,2
60,30,329,2,6,37,1
58,35,498,1,12,70,3
58,25,333,3,4,21,1
40,18,207,2,2,16,0
40,18,168,4,1,8,1
39,16,264,3,3,16,1
38,20,276,0,1,7,1
37,18,126,1,2,17,1
33,23,314,0,2,8,4
30,16,188,0,2,6,0
29,17,175,0,1,8,2
23,11,120,2,0,0,0
18,10,78,1,2,26,1
15,11,77,1,1,12,0
12,6,68,0,1,6,0
10,4,54,0,0,0,0
10,4,55,2,2,14,0
9,5,60,0,1,8,0
8,5,33,0,1,10,1
5,1,42,0,0,0,0
5,3,32,1,1,0,0
4,2,10,0,0,0,0
3,0,0,0,0,0,0
3,0,0,0,0,0,0
3,2,44,0,0,0,1
3,2,24,0,0,0,0
3,1,24,0,0,0,0
2,1,16,0,0,0,0
2,0,0,0,0,0,0
2,0,0,1,0,0,0
2,1,37,1,0,0,0
2,1,15,0,0,0,1
2,1,38,0,1,1,0
1,1,26,0,0,0,1
1,0,0,0,0,0,0
1,1,26,0,0,0,1
1,1,10,0,0,0,1
1,1,48,0,0,0,0
1,0,0,1,0,0,0
1,0,0,0,0,0,0
1,0,0,0,0,0,0
1,0,0,1,0,0,0
1,0,0,0,0,0,0
1,1,8,0,0,0,1
1,0,0,0,0,0,0
1,0,0,0,0,0,0
1,1,20,0,0,0,1
1,0,0,0,0,0,0
1,0,0,0,0,0,0
1,0,0,1,0,0,0
570,354,3811,21,20,111,26
566,379,4267,10,18,107,29
554,309,2880,22,9,55,17
532,336,3845,22,37,288,22
527,317,3620,12,32,219,23
523,330,4039,12,20,130,24
520,324,3591,15,37,249,26
519,298,3414,17,41,242,18
518,306,3546,8,34,195,24
513,313,3841,15,42,246,26
505,292,3302,21,37,185,17
500,284,3110,16,28,164,13
478,275,3216,11,43,253,16
471,274,2860,12,49,371,11
471,308,3361,21,19,137,32
454,295,3479,11,37,196,25
449,266,3219,16,23,168,19
418,239,2819,16,19,90,14
400,250,3215,7,19,108,24
392,225,2704,13,21,104,18
367,208,2247,15,19,132,13
356,205,2108,15,21,178,11
337,179,2166,9,30,206,14
314,179,2138,13,19,126,11
302,193,1797,12,21,166,10
302,189,2182,7,14,73,15
297,189,2139,12,25,160,13
295,167,2013,13,15,90,9
251,126,1418,12,25,146,7
243,136,1655,12,19,121,8
225,125,1274,4,17,90,6
224,116,1260,9,17,92,7
221,116,1267,5,22,122,3
203,120,1319,6,19,116,7
198,123,1385,2,6,48,7
192,107,1050,7,14,101,3
178,94,1199,8,19,125,9
177,95,1012,7,9,44,5
167,91,1097,4,8,27,9
166,95,1018,6,25,174,5
130,74,813,6,12,83,5
118,73,856,2,7,54,7
116,60,532,4,16,95,3
114,44,391,6,5,30,2
103,53,442,5,2,24,2
102,61,693,3,13,57,5
100,50,585,3,9,64,4
82,54,484,0,9,46,2
72,38,437,1,4,41,2
69,44,545,1,6,45,4
65,38,690,2,5,22,7
65,38,365,1,6,38,1
63,33,389,5,9,60,2
45,25,324,3,2,14,0
40,20,135,1,8,39,0
31,9,87,2,2,9,0
27,18,232,1,0,0,2
22,15,130,1,3,25,1
20,11,93,1,4,21,0
18,14,160,1,1,7,0
16,6,69,1,1,5,0
13,7,81,0,2,8,1
13,7,58,2,6,45,0
12,9,74,0,0,0,0
12,9,86,0,0,0,1
12,5,49,3,1,7,0
10,4,19,0,3,20,0
9,4,41,1,0,0,0
8,4,47,0,1,2,0
8,4,31,1,1,8,1
7,3,31,0,0,0,0
6,4,50,0,0,0,1
5,3,32,0,0,0,0
5,2,25,0,0,0,0
4,3,6,0,0,0,0
3,2,46,0,0,0,2
3,2,22,0,1,3,0
2,2,66,0,0,0,0
2,1,7,0,1,2,0
2,1,8,0,0,0,0
2,0,0,0,0,0,0
2,2,16,0,0,0,0
2,1,32,0,0,0,0
1,0,0,0,0,0,0
1,1,3,0,0,0,0
1,0,0,0,0,0,0
1,1,14,0,0,0,0
1,0,0,0,0,0,0
1,0,0,1,0,0,0
1,0,0,0,0,0,0
1,1,37,0,0,0,0
1,0,0,0,1,5,0
1,0,0,0,0,0,0
1,0,0,0,0,0,0
1,0,0,0,0,0,0
1,0,0,1,0,0,0
1,0,0,0,0,0,0
1,1,21,0,0,0,0
1,0,0,0,0,0,0
1,0,0,1,0,0,0
607,372,3881,29,24,170,20
565,302,3759,12,39,261,20
557,294,3762,17,28,184,24
530,334,4110,14,26,188,26
509,345,3836,12,19,105,32
507,317,4014,10,32,204,17
500,323,3576,15,27,223,24
499,300,3639,17,49,295,23
494,257,2996,13,26,158,18
476,292,3161,11,20,134,16
456,277,3366,7,22,135,18
454,262,3050,10,27,213,23
453,305,3747,10,17,81,28
449,294,3459,9,24,154,24
435,262,3421,16,28,214,24
431,240,2882,17,33,202,13
423,256,2488,11,68,424,14
387,214,2412,13,33,201,15
375,242,2713,9,23,158,11
368,190,1869,13,30,190,9
357,211,2507,9,19,112,16
333,199,2321,12,23,139,11
330,188,2021,12,24,136,12
313,191,2035,7,29,205,10
302,175,2123,5,23,110,15
294,184,1885,4,23,134,12
293,171,1799,12,23,146,11
287,192,2297,9,26,188,14
270,163,1836,11,18,101,9
268,168,2385,9,23,129,17
266,150,1558,6,32,193,7
266,164,1582,9,19,147,6
230,155,1509,8,17,140,10
228,113,1340,8,26,197,8
216,139,1564,12,31,169,6
207,94,1158,8,19,96,5
177,124,1277,7,11,78,5
174,112,1136,7,12,76,7
173,102,937,6,6,34,3
168,98,1117,1,8,45,4
165,84,875,11,29,185,1
164,98,1002,5,22,135,4
135,76,777,8,9,49,4
122,68,722,7,8,59,2
106,60,777,6,12,102,1
97,56,667,6,10,63,5
90,48,481,2,6,28,2
88,50,474,2,9,45,4
83,49,530,3,9,52,2
71,34,406,4,8,43,2
64,33,495,0,6,27,4
61,34,462,3,0,0,4
61,42,444,1,3,14,3
56,32,238,3,3,15,0
39,20,259,2,1,9,1
36,23,246,1,1,6,1
35,14,140,2,3,16,0
29,17,99,2,2,10,0
27,15,136,1,1,8,0
26,14,124,2,6,40,1
25,14,173,2,0,0,1
25,15,279,1,4,27,1
25,13,173,1,3,20,1
24,13,183,1,1,1,2
24,14,174,1,4,27,1
22,12,115,1,3,16,0
17,7,63,0,1,3,0
16,9,65,1,3,28,0
14,8,100,0,1,7,2
13,8,107,0,0,0,1
13,7,64,0,0,0,1
10,5,29,0,1,13,0
9,8,55,0,0,0,1
8,2,7,0,0,0,0
4,3,47,0,0,0,3
3,2,12,0,0,0,0
3,3,67,0,0,0,1
2,2,27,0,0,0,0
2,1,26,0,0,0,0
2,0,0,0,0,0,0
2,1,17,0,0,0,0
2,1,18,0,0,0,0
2,1,17,0,0,0,1
1,0,0,0,0,0,0
1,0,0,0,0,0,0
1,0,0,0,0,0,0
1,0,0,0,0,0,0
1,0,0,0,0,0,0
1,1,14,0,0,0,0
1,0,0,0,0,0,0
1,0,0,0,0,0,0
1,0,0,0,0,0,0
1,0,0,0,0,0,0
1,1,3,0,0,0,0
1,1,4,0,0,0,0
1,0,0,0,0,0,0
1,0,0,0,1,11,0
1,0,0,0,0,0,0
0,0,0,0,1,3,0
0,0,0,0,1,2,0
613,343,3885,18,21,134,18
596,372,4208,22,63,388,21
588,370,4301,8,49,366,24
557,362,4397,9,14,86,31
554,356,4418,11,18,105,26
522,301,3244,18,25,186,24
520,324,4035,13,36,233,28
516,319,3529,12,26,175,24
485,313,3352,16,30,172,17
480,262,3193,20,21,142,23
469,280,3513,23,46,280,18
468,295,3050,12,14,84,16
460,284,3388,9,27,144,22
442,302,2767,12,41,240,11
442,257,2890,16,35,202,16
439,270,2750,15,29,200,9
431,263,2805,11,22,167,17
429,268,3051,14,47,332,19
393,252,2454,17,44,262,10
388,223,2236,15,15,116,12
388,204,2474,13,45,303,20
377,214,2547,12,21,158,11
371,210,2442,15,34,229,18
357,184,2199,13,25,129,12
337,220,2903,13,21,124,19
328,177,1661,9,25,146,9
317,175,1994,13,18,111,11
316,180,2647,6,21,140,18
276,147,1677,13,46,256,3
260,162,1789,4,12,92,8
244,148,1878,1,16,106,11
241,145,1735,9,20,119,10
207,110,1297,6,7,55,10
198,121,1342,9,24,127,7
192,110,1105,8,26,174,3
188,116,1309,2,6,40,10
183,108,1159,5,9,48,7
169,90,1164,8,16,107,7
168,108,1377,5,14,104,6
141,82,927,7,14,83,8
137,81,1001,5,13,85,9
134,81,929,3,21,150,2
117,66,793,8,8,66,5
106,58,585,7,4,32,1
101,61,748,2,4,18,4
96,56,625,4,10,55,2
90,42,549,6,4,23,1
81,47,475,4,8,37,2
68,38,412,1,5,24,2
55,33,485,2,3,16,5
53,31,492,0,3,13,5
39,27,265,1,1,5,3
38,26,342,0,1,10,3
32,18,220,2,3,22,1
27,18,208,2,2,8,1
24,16,208,1,5,18,1
22,13,166,0,1,11,0
18,13,146,1,6,42,0
15,6,46,0,3,18,0
13,6,68,2,0,0,1
11,6,56,1,0,0,0
8,5,32,0,3,15,0
7,3,23,2,1,10,0
3,1,27,0,0,0,0
3,2,88,0,0,0,1
3,2,29,0,0,0,1
3,2,20,0,0,0,2
3,3,31,0,0,0,0
2,0,0,1,0,0,0
2,1,4,0,1,6,0
1,1,11,0,0,0,0
1,0,0,1,0,0,0
1,0,0,0,0,0,0
1,0,0,0,0,0,0
1,0,0,0,0,0,0
1,0,0,1,0,0,0
1,0,0,0,0,0,0
1,0,0,0,4,27,0
1,0,0,0,0,0,0
1,0,0,0,1,7,0
1,0,0,0,0,0,0
1,0,0,0,0,0,0
1,0,0,0,0,0,0
1,0,0,0,0,0,0
1,0,0,0,0,0,0
1,0,0,1,0,0,0
1,0,0,0,0,0,0
1,1,-4,0,1,1,0
1,1,16,0,0,0,1
1,1,37,0,0,0,0
1,1,15,0,0,0,1
1,0,0,0,0,0,0
1,0,0,0,0,0,0
1,0,0,0,0,0,0
1,0,0,0,0,0,0
1,1,16,0,0,0,0
1,0,0,0,0,0,0
1,1,21,0,0,0,0
0,0,0,0,1,3,0
0,0,0,0,1,3,0
635,413,5069,17,13,92,34
616,384,4526,18,11,69,25
598,401,4583,14,26,182,30
571,345,3916,11,23,149,23
555,371,4002,12,14,86,27
536,341,4038,13,34,231,28
535,335,3620,13,42,288,15
522,343,3472,22,30,213,22
516,327,3693,11,47,219,21
506,315,3245,6,38,266,13
479,289,3238,10,27,174,21
478,312,4009,11,25,151,34
476,321,3653,7,24,121,19
469,281,3301,15,46,284,17
465,272,2972,12,27,160,18
450,276,3448,14,20,123,26
440,251,2720,13,38,263,11
434,265,3440,11,17,104,16
428,257,2971,12,32,276,14
420,230,2608,12,26,162,18
415,242,2676,7,8,60,12
414,246,3288,12,20,130,15
380,251,3043,10,23,149,15
376,244,2712,6,23,100,12
374,245,2699,10,23,143,11
372,221,1905,9,38,193,8
368,198,2423,8,31,210,13
301,178,2157,15,29,164,12
288,181,2046,8,23,148,13
283,142,1615,8,14,87,9
255,143,1616,8,14,95,8
242,141,1532,3,14,76,11
220,128,1678,11,32,197,8
209,109,1216,10,19,119,5
184,110,1073,7,9,69,5
174,116,1431,10,9,58,6
149,88,1056,2,14,97,9
129,75,731,4,11,67,3
120,68,758,5,15,89,5
115,60,786,6,14,95,4
104,63,584,5,15,119,2
91,43,370,7,5,43,0
89,45,518,2,1,9,2
81,50,477,4,9,56,2
78,41,427,5,8,54,2
72,38,525,6,6,58,0
62,32,257,2,2,8,2
49,22,204,3,5,39,0
36,21,303,0,3,22,2
36,22,219,2,3,13,1
34,17,144,4,0,0,0
30,22,178,0,0,0,0
29,20,151,0,1,10,0
29,15,264,1,2,19,1
23,12,83,2,3,19,2
21,7,26,3,4,18,0
17,10,71,1,3,22,1
17,9,119,0,6,35,1
12,9,115,0,1,2,2
12,7,67,0,0,0,0
12,7,41,2,2,11,0
11,7,76,0,0,0,0
8,7,76,0,0,0,1
6,4,23,0,1,2,0
5,3,26,1,0,0,0
5,2,6,0,0,0,0
4,1,8,0,0,0,0
4,3,46,0,0,0,1
4,3,82,0,1,1,1
3,1,6,0,0,0,0
3,2,41,0,1,8,1
3,2,17,0,1,0,0
3,2,19,0,1,5,0
2,1,8,0,0,0,0
2,1,20,0,3,25,0
2,0,0,0,0,0,0
2,1,7,0,1,10,0
2,1,18,0,0,0,0
2,1,4,0,2,16,0
1,0,0,0,0,0,0
1,1,37,0,0,0,1
1,0,0,0,0,0,0
1,1,32,0,0,0,1
1,0,0,0,0,0,0
1,1,3,0,0,0,0
1,1,-2,0,0,0,0
1,1,3,0,0,0,1
1,1,5,0,1,1,0
1,0,0,0,0,0,0
1,0,0,1,0,0,0
1,1,10,0,0,0,0
1,1,4,0,0,0,1
1,0,0,0,0,0,0
1,0,0,0,0,0,0
1,0,0,0,0,0,0
1,0,0,1,0,0,0
1,1,19,0,0,0,1
1,0,0,0,0,0,0
1,0,0,0,0,0,0
1,1,4,0,0,0,1
583,396,4770,15,25,149,29
571,393,4500,16,10,74,33
565,371,4398,13,16,86,28
555,336,3666,26,35,204,27
550,347,4483,9,34,196,26
541,336,3802,12,29,159,21
541,350,4434,7,50,306,30
531,363,4202,7,34,247,33
516,314,3597,10,42,236,15
514,363,4388,11,20,135,34
513,339,3753,14,24,172,26
509,317,4021,14,30,216,27
507,327,3618,15,43,285,20
506,337,4328,12,50,348,26
499,315,3613,12,36,218,21
493,271,2924,16,42,243,16
488,293,3029,17,32,209,17
486,317,4254,9,25,167,28
466,282,3094,13,26,213,21
451,274,2878,14,26,176,12
451,263,2916,14,19,92,22
443,267,3553,10,35,264,22
377,201,2267,20,24,169,13
372,225,2350,12,22,134,18
364,196,2444,20,26,195,12
321,178,2015,18,23,187,8
290,158,1855,18,20,102,10
259,152,1879,7,9,36,10
256,136,1339,7,19,104,8
247,140,1469,6,14,85,5
246,120,1287,11,33,207,3
227,127,1422,10,21,127,9
216,119,1225,8,6,37,6
183,110,1169,7,23,139,6
182,81,888,10,11,75,3
176,98,899,6,17,117,3
157,89,945,6,14,107,3
155,87,943,2,18,107,5
150,82,1007,3,11,71,6
138,85,1053,2,9,78,8
125,63,685,8,11,59,4
120,78,700,2,9,59,3
119,73,566,9,13,82,3
119,69,781,3,8,34,4
107,58,594,3,2,0,4
96,62,741,3,3,27,4
87,53,581,4,5,40,1
77,51,435,3,2,12,0
74,51,413,2,6,32,1
51,26,259,6,5,27,0
40,23,230,0,3,18,2
33,21,225,0,2,11,1
31,20,231,1,1,1,1
30,15,102,1,0,0,0
29,17,146,2,2,8,0
28,8,83,2,3,16,0
27,19,142,0,2,18,0
26,13,125,0,4,21,0
26,12,145,1,0,0,1
23,12,144,0,2,11,0
21,14,201,0,0,0,1
17,5,23,1,5,39,0
13,6,86,0,0,0,1
12,7,58,1,1,6,0
11,4,40,0,3,31,0
9,3,33,1,0,0,0
9,5,24,1,0,0,0
8,4,83,2,0,0,1
7,3,11,1,0,0,0
6,2,22,0,1,9,1
6,1,2,0,1,6,0
5,0,0,0,1,9,0
4,1,18,1,0,0,0
4,2,12,1,0,0,1
3,1,2,0,2,7,0
2,1,17,0,0,0,0
2,1,35,1,0,0,1
1,1,22,0,0,0,1
1,1,26,0,0,0,0
1,0,0,1,0,0,0
1,1,36,0,0,0,1
1,0,0,0,0,0,0
1,0,0,1,0,0,0
1,1,0,0,0,0,0
1,0,0,0,0,0,0
1,1,10,0,0,0,0
1,0,0,0,0,0,0
1,1,3,0,0,0,0
1,0,0,1,0,0,0
1,1,27,0,0,0,1
1,0,0,0,0,0,0
1,0,0,0,0,0,0
1,0,0,0,0,0,0
1,1,0,0,0,0,0
1,1,6,0,0,0,1
1,1,25,0,0,0,1
1,1,21,0,0,0,0
1,0,0,0,0,0,0
1,0,0,0,0,0,0
1,0,0,0,0,0,0
679,450,4700,17,16,91,33
658,448,4620,22,25,185,33
590,354,3512,15,34,244,18
586,362,3970,20,26,201,26
574,365,4370,12,32,226,24
571,357,3705,9,23,158,28
541,357,4710,13,38,227,30
539,339,4002,25,16,117,31
507,278,3291,13,27,171,17
498,293,3653,9,34,243,20
492,324,3900,4,25,175,36
490,301,3301,19,30,178,15
489,306,3622,10,40,294,25
475,312,3922,11,31,193,28
474,291,3451,6,28,195,25
472,275,3377,15,37,271,14
450,262,3116,7,26,182,27
444,266,3001,17,29,175,12
441,255,3000,15,24,145,23
432,261,3274,16,52,352,23
416,257,2686,12,17,113,16
389,240,3200,5,32,220,17
372,233,3018,6,34,210,21
366,236,2734,15,33,253,23
358,217,2509,19,22,139,11
342,204,2370,10,25,140,14
329,194,2387,8,33,208,13
327,169,2065,10,25,176,7
318,209,2365,12,21,100,16
299,157,1558,9,33,223,3
278,160,1823,8,13,91,14
222,135,1576,9,23,132,6
213,148,1605,7,7,41,11
189,115,1197,7,15,99,7
157,83,1059,7,10,77,5
156,93,1255,3,13,80,10
149,93,872,7,6,49,2
145,73,1176,4,18,112,5
143,79,857,10,13,90,5
133,74,884,4,9,77,7
126,60,662,2,9,65,2
119,69,780,3,6,42,4
101,55,521,5,11,95,2
101,64,694,2,6,33,4
99,57,507,3,5,13,2
96,57,535,1,4,36,6
89,54,477,3,8,48,0
82,41,654,3,6,26,5
78,39,370,6,14,90,1
66,40,433,2,7,38,3
62,33,435,2,8,50,2
58,34,341,4,6,43,3
49,29,352,3,4,21,3
44,22,238,0,3,25,2
40,20,200,4,1,0,0
34,18,222,2,1,6,2
32,22,254,1,5,41,0
28,16,150,1,2,12,0
28,13,173,2,3,23,1
27,10,68,5,2,15,0
23,10,106,3,3,5,0
19,8,38,1,4,29,0
19,11,120,0,0,0,0
16,14,111,0,2,8,0
15,7,122,1,0,0,1
13,7,117,1,1,7,2
13,5,67,1,1,5,0
12,6,47,0,1,10,0
7,5,55,0,2,15,0
7,5,42,0,2,7,0
6,4,35,0,2,10,0
6,4,20,0,0,0,0
4,2,25,1,1,6,0
3,2,24,1,0,0,0
3,2,19,0,1,0,0
3,2,16,0,1,10,0
3,3,18,0,2,20,0
3,2,6,0,0,0,1
3,0,0,0,0,0,0
2,1,17,0,0,0,0
2,0,0,0,0,0,0
2,1,6,0,0,0,0
2,1,13,0,0,0,0
2,1,19,0,0,0,0
2,2,42,0,0,0,2
1,0,0,0,0,0,0
1,0,0,0,0,0,0
1,1,-6,0,0,0,0
1,0,0,0,0,0,0
1,1,0,0,0,0,0
1,1,2,0,0,0,1
1,0,0,0,0,0,0
1,0,0,1,0,0,0
1,1,13,0,0,0,0
1,0,0,0,0,0,0
1,0,0,0,0,0,0
1,0,0,0,0,0,0
1,1,29,0,0,0,1
1,0,0,0,0,0,0
1,1,28,0,0,0,0
659,456,4952,17,29,186,33
628,415,4694,14,31,205,28
616,380,4761,16,27,161,40
608,408,4952,9,33,172,32
602,363,4257,12,45,254,22
601,379,4410,14,28,187,30
599,348,3270,12,24,149,21
597,395,4727,15,17,118,39
590,392,4045,12,46,337,27
582,373,4109,9,21,134,33
570,379,4286,18,36,189,31
561,370,3812,18,38,223,28
554,344,3986,12,19,167,27
520,341,4381,5,28,174,38
481,309,3398,17,21,124,19
478,289,3369,10,52,344,19
475,280,2908,17,55,345,11
464,303,3265,6,45,229,18
452,285,3475,7,42,242,20
448,262,3127,12,38,300,18
447,287,3018,10,33,198,18
438,242,3326,13,24,160,12
435,304,3705,9,29,215,34
402,259,2919,12,39,249,14
367,219,2525,13,28,175,13
327,184,2206,14,36,235,11
312,197,2483,8,21,83,17
311,186,2163,10,9,74,13
309,198,2418,11,23,151,14
284,180,2001,9,29,179,12
240,132,1711,5,11,66,7
229,145,1657,7,18,116,8
224,141,1626,3,9,59,11
214,147,1694,6,33,227,4
204,126,1710,9,8,70,10
203,117,1417,6,16,91,10
185,105,1326,2,18,103,7
179,107,1412,7,18,138,8
146,86,993,7,14,85,5
131,76,838,3,6,44,5
128,91,1057,3,17,117,4
121,64,604,2,19,85,3
97,65,701,0,4,17,5
93,45,562,4,6,46,2
78,42,492,1,16,105,3
77,45,435,2,3,15,2
75,41,400,2,1,5,2
71,41,425,4,6,39,3
48,26,223,1,3,20,2
44,30,301,0,2,7,2
44,22,222,2,6,34,0
41,24,303,2,1,9,3
35,18,175,2,3,26,0
28,16,157,0,4,17,0
28,14,177,1,4,27,0
27,19,182,0,5,36,1
19,11,74,0,1,0,0
19,12,129,2,1,8,1
19,10,127,1,1,5,0
16,8,66,1,2,12,0
10,4,52,0,0,0,1
10,5,57,2,3,24,0
9,1,81,0,2,11,1
8,3,39,0,0,0,0
7,3,38,0,0,0,1
5,4,60,0,2,11,0
4,2,21,0,0,0,0
4,3,64,1,0,0,0
3,1,10,0,1,9,0
3,1,7,0,0,0,0
3,3,79,0,1,6,1
2,2,20,0,0,0,1
2,2,37,0,0,0,0
2,2,27,0,0,0,0
2,2,32,0,0,0,1
1,1,19,0,0,0,0
1,0,0,0,0,0,0
1,0,0,0,0,0,0
1,0,0,0,0,0,0
1,1,6,0,0,0,0
1,1,5,0,0,0,1
1,0,0,0,0,0,0
1,1,10,0,0,0,0
1,1,25,0,0,0,0
1,0,0,0,0,0,0
1,0,0,0,0,0,0
1,0,0,0,0,0,0
1,1,0,0,0,0,0
1,1,17,0,0,0,0
1,0,0,0,0,0,0
1,1,10,0,0,0,0
1,0,0,0,0,0,0
1,0,0,0,0,0,0
1,0,0,0,0,0,0
1,1,38,0,0,0,0
1,0,0,0,0,0,0
1,0,0,0,0,0,0
1,0,0,0,0,0,0
1,0,0,0,0,0,0
1,0,0,1,0,0,0
673,471,5208,15,27,184,37
672,436,4317,15,33,243,20
625,368,3905,16,34,197,23
610,401,4428,7,35,246,40
607,379,3782,14,33,213,16
606,406,4917,12,23,190,25
598,377,4027,16,21,142,26
597,364,4233,14,40,281,26
594,388,4327,10,37,216,24
578,349,4386,21,36,188,33
567,345,4090,18,35,239,28
563,364,4206,8,41,264,18
560,357,3937,6,16,79,28
552,395,3877,5,37,276,20
546,353,4219,11,41,293,21
545,346,4240,13,41,268,31
534,373,4944,7,37,235,38
510,270,3509,14,36,277,19
510,301,2957,16,27,206,15
509,328,3819,13,17,141,29
489,328,3502,8,28,140,15
486,289,3401,10,31,187,18
459,311,3667,4,25,143,23
451,276,3426,9,23,156,26
436,269,3023,6,42,192,17
432,291,3554,2,15,87,28
403,228,2710,17,19,81,12
389,261,2995,12,29,216,19
331,196,2241,4,36,207,16
322,196,2201,11,23,140,9
216,129,1611,14,6,43,8
205,112,1089,7,26,222,5
200,134,1445,0,4,18,6
195,128,1380,2,21,140,6
165,90,1100,6,18,126,6
160,91,925,6,11,48,5
147,87,886,3,22,138,2
137,81,1059,5,17,104,4
133,75,809,7,13,79,3
87,55,721,3,1,0,8
86,53,558,2,4,34,4
83,49,497,1,9,42,2
73,46,461,0,5,36,0
63,43,502,0,3,15,4
55,34,400,0,6,46,0
55,36,410,0,4,34,3
53,36,453,5,0,0,2
51,30,284,2,5,23,2
48,19,192,3,1,8,2
37,23,216,2,3,21,1
35,19,242,0,1,7,0
26,14,104,2,2,10,0
26,11,131,0,3,20,0
24,14,182,1,2,14,1
21,14,150,1,2,7,1
18,13,145,1,1,5,1
18,10,93,2,3,25,0
15,8,50,0,0,0,0
14,8,126,1,3,19,1
11,10,75,0,0,0,1
11,6,96,1,1,2,0
10,2,17,1,0,0,0
9,5,41,0,1,1,0
6,3,26,1,0,0,0
6,3,19,1,0,0,0
5,2,22,0,1,5,0
4,3,29,0,0,0,1
3,1,16,0,0,0,0
2,1,4,0,0,0,0
2,1,10,0,0,0,1
1,1,15,0,0,0,1
1,0,0,0,0,0,0
1,0,0,0,0,0,0
1,0,0,0,0,0,0
1,1,10,0,0,0,1
1,0,0,0,0,0,0
1,0,0,1,0,0,0
1,1,16,0,0,0,0
1,1,16,0,0,0,0
1,0,0,0,0,0,0
1,0,0,0,0,0,0
1,0,0,0,0,0,0
1,0,0,0,0,0,0
1,1,20,0,0,0,1
1,0,0,0,0,0,0
1,1,35,0,0,0,0
1,1,43,0,0,0,0
1,0,0,0,0,0,0
1,1,2,0,0,0,1
1,0,0,0,0,0,0
1,1,2,0,0,0,1
1,0,0,0,0,0,0
1,1,50,0,0,0,1
1,0,0,0,0,0,0
1,1,31,0,0,0,0
1,0,0,0,0,0,0
0,0,0,0,1,6,0
727,435,4967,17,29,212,20
670,422,5177,19,26,190,43
648,425,4903,19,36,263,28
637,401,4827,8,27,182,34
627,339,4374,18,41,246,23
615,422,4719,14,28,210,32
583,400,4659,11,21,137,37
565,345,4018,14,26,199,22
558,306,4065,17,26,161,27
552,371,4295,8,51,293,39
551,328,3702,13,35,233,21
544,350,4008,12,27,216,22
536,321,3948,15,19,136,26
531,317,3817,10,35,227,22
528,329,3669,16,46,229,27
527,338,3606,15,49,311,26
517,297,3385,17,28,186,14
505,306,3400,16,30,161,24
485,280,3869,12,36,244,19
484,282,3294,13,35,234,12
483,300,2935,12,32,184,18
453,246,2883,18,34,209,13
449,284,3265,8,30,182,26
434,255,3033,14,38,250,19
393,258,3200,5,30,217,20
393,252,3118,10,33,203,26
351,204,2362,10,28,153,12
314,177,2176,11,25,151,10
308,166,2084,11,28,169,11
278,162,1662,6,22,158,9
277,161,1796,12,19,101,6
265,161,1699,5,20,131,6
221,138,1367,5,14,103,7
218,136,1814,3,16,112,10
218,153,1737,5,24,137,13
201,109,1132,9,15,98,2
197,112,1141,8,21,123,2
183,109,1169,3,27,159,8
171,89,752,7,12,91,0
70,45,475,4,3,12,1
53,30,330,2,4,30,1
53,25,272,1,3,24,0
51,32,265,2,6,49,2
48,33,466,3,3,27,4
33,16,115,1,1,9,0
32,22,204,1,3,14,1
31,19,214,1,11,71,1
30,14,155,1,0,0,2
29,17,179,1,3,30,0
19,11,131,0,2,9,1
17,9,79,0,4,25,1
13,10,172,0,0,0,2
11,5,65,0,0,0,0
10,9,89,0,0,0,1
10,4,38,1,1,0,0
9,5,68,0,0,0,0
8,6,39,0,2,7,0
7,4,51,0,0,0,0
5,3,34,0,0,0,0
5,3,30,0,0,0,0
4,4,58,0,0,0,0
4,2,20,0,0,0,0
4,1,17,1,0,0,0
4,2,12,0,0,0,0
3,2,19,0,1,6,0
3,1,39,1,0,0,0
3,3,42,0,0,0,1
2,0,0,1,0,0,0
2,2,14,0,0,0,0
2,1,27,0,0,0,1
2,1,25,0,0,0,0
1,0,0,0,0,0,0
1,1,10,0,0,0,0
1,0,0,0,0,0,0
1,0,0,0,0,0,0
1,0,0,0,0,0,0
1,0,0,0,0,0,0
1,1,42,0,0,0,0
1,1,4,0,0,0,0
1,0,0,0,0,0,0
1,0,0,0,0,0,0
1,1,73,0,0,0,1
1,0,0,1,0,0,0
1,1,23,0,0,0,1
1,1,28,0,0,0,0
0,0,0,0,1,4,0
0,0,0,0,1,8,0
0,0,0,0,1,7,0
661,437,4792,13,40,264,29
627,428,4870,11,31,235,32
624,402,4770,7,38,225,36
618,387,4432,14,27,157,35
614,407,4591,16,30,206,21
606,355,4428,18,51,320,35
592,398,4262,13,44,251,32
586,363,4208,12,45,420,24
573,350,3987,13,31,230,32
572,347,3821,8,46,314,31
562,335,3905,15,19,94,31
543,379,4166,11,26,186,29
537,342,4671,11,25,151,35
535,312,4042,15,27,190,22
532,346,3725,14,28,200,19
495,296,3837,10,33,284,35
483,311,3659,11,29,150,21
483,329,4024,8,45,265,34
470,307,3486,7,45,235,20
469,319,3938,16,20,141,21
447,292,3231,9,44,307,14
413,266,2791,12,16,124,14
386,255,3250,7,20,118,25
380,242,3035,6,36,212,20
370,230,2818,10,38,258,19
369,224,2606,7,25,185,19
337,190,2052,10,14,98,7
331,198,2249,17,16,95,9
293,162,1881,12,15,88,15
292,186,2109,4,23,137,12
282,178,2031,7,25,164,10
275,170,1967,6,23,151,10
256,156,1690,5,16,101,9
244,144,1615,5,28,166,6
244,136,1336,6,6,32,5
223,129,1500,5,19,141,7
204,119,1276,7,14,86,5
166,101,935,7,13,98,4
140,97,1043,2,10,77,5
125,72,739,4,7,38,2
125,76,828,1,4,28,4
121,83,884,7,6,35,5
119,79,854,2,12,63,6
104,61,779,6,5,23,4
94,56,547,3,11,96,1
91,59,616,4,9,54,4
84,52,561,3,6,45,3
80,52,540,4,3,27,3
66,40,371,1,10,53,2
57,28,370,1,5,33,3
55,32,513,4,2,17,3
42,27,265,1,3,19,2
40,22,201,1,0,0,1
39,32,335,1,1,0,0
32,23,142,1,2,20,2
32,16,150,1,5,28,0
28,15,149,1,1,7,1
25,11,104,2,2,8,0
14,10,99,0,3,34,1
11,7,128,0,1,13,1
10,6,58,0,0,0,1
7,2,15,0,1,11,0
7,6,31,0,0,0,0
7,3,11,1,2,17,0
6,4,36,0,0,0,0
6,5,63,0,0,0,1
6,4,37,0,1,6,0
5,5,68,0,0,0,1
4,1,6,0,0,0,0
4,1,20,0,0,0,0
2,2,4,0,0,0,0
2,1,7,0,0,0,0
1,1,36,0,0,0,0
1,1,41,0,0,0,1
1,0,0,0,0,0,0
1,0,0,0,0,0,0
1,0,0,0,0,0,0
1,1,4,0,0,0,0
1,1,-3,0,0,0,0
1,1,9,0,0,0,0
1,0,0,0,0,0,0
1,1,14,0,0,0,0
1,1,3,0,0,0,0
1,1,21,0,0,0,1
1,1,4,0,1,8,0
1,0,0,0,0,0,0
0,0,0,0,1,8,0
0,0,0,0,1,3,0
0,0,0,0,1,3,0
659,450,5477,10,18,120,55
651,439,4515,17,44,298,26
650,446,5162,12,37,244,39
634,371,4650,19,23,168,29
628,380,4343,11,40,256,25
614,362,3912,22,48,324,19
588,355,3913,17,58,399,24
586,363,4293,20,29,182,33
584,375,4261,14,42,282,28
572,362,4274,22,41,289,24
570,343,3822,9,32,227,23
551,317,3818,27,39,281,18
544,378,4478,11,30,150,32
535,342,3828,10,35,272,31
508,308,3313,7,39,210,23
503,305,3241,14,38,243,13
473,292,3379,13,43,336,24
456,274,3203,12,38,274,16
443,247,3046,21,43,315,12
416,247,2608,9,40,314,19
416,243,3197,8,39,231,21
407,257,3357,9,44,272,26
358,219,2310,14,21,162,10
355,224,2621,12,19,132,19
350,217,2454,12,21,109,14
317,180,2015,8,16,97,11
317,203,2891,2,28,173,27
306,180,1972,9,28,159,11
290,193,2536,6,21,117,17
272,156,1798,11,31,203,7
267,141,1731,9,27,180,9
262,159,1687,4,15,97,14
254,153,1807,9,16,85,11
253,137,1760,6,19,201,9
242,142,1673,7,21,138,8
239,152,1648,9,27,119,7
224,149,1829,1,11,37,13
211,118,1547,8,6,53,8
200,124,1392,5,24,135,8
183,111,1256,4,16,105,8
157,93,1092,3,18,100,4
155,81,854,7,5,32,4
147,63,761,4,8,61,2
141,77,1215,3,15,99,5
96,57,615,3,6,48,5
90,55,717,5,3,26,1
86,42,481,7,12,67,1
59,26,309,3,2,11,1
51,33,398,2,0,0,2
49,30,300,4,3,24,0
38,25,248,1,2,11,1
31,16,156,1,4,23,1
24,16,139,1,4,25,0
22,15,113,2,2,7,0
16,11,95,0,2,8,0
16,8,57,2,1,6,0
13,10,151,0,0,0,1
12,7,130,1,0,0,0
7,5,34,0,0,0,0
6,2,53,2,0,0,0
5,1,2,1,0,0,0
3,2,38,0,0,0,0
2,0,0,0,0,0,0
1,0,0,0,0,0,0
1,1,15,0,1,7,0
1,0,0,0,0,0,0
1,0,0,0,0,0,0
1,0,0,0,0,0,0
1,1,2,0,0,0,1
1,1,8,0,0,0,1
1,0,0,0,0,0,0
1,1,11,0,0,0,1
1,1,30,0,0,0,0
1,0,0,0,0,0,0
1,1,13,0,0,0,0
1,1,16,0,0,0,1
1,1,17,0,0,0,0
1,1,30,0,0,0,0
1,0,0,0,0,0,0
1,1,22,0,0,0,0
1,0,0,0,0,0,0
1,1,21,0,0,0,1
1,1,25,0,0,0,0
1,1,-8,0,0,0,0
1,0,0,0,0,0,0
663,421,5038,16,36,257,41
657,468,5476,14,24,158,46
611,401,5235,12,32,173,39
589,359,4933,16,28,199,29
582,366,4624,20,30,198,27
569,353,3832,23,22,148,24
566,347,4177,12,26,173,29
551,346,3592,22,29,164,16
543,308,3474,18,39,243,26
542,312,3610,12,31,203,20
522,346,4184,10,36,227,31
518,319,3571,14,19,153,18
517,310,4051,17,35,260,21
516,300,3398,13,24,160,20
513,324,4077,14,40,269,21
502,343,4643,6,36,219,45
463,265,2733,11,32,173,14
458,265,3151,20,25,201,16
450,271,3091,13,42,293,14
445,273,3144,5,44,263,17
423,253,3303,14,23,126,18
413,210,2214,11,40,293,12
357,191,2164,6,36,248,6
347,210,2497,9,36,229,16
328,199,2753,16,17,119,13
314,182,2319,7,23,159,13
292,178,2479,6,16,98,15
291,158,1853,13,30,164,13
275,151,1913,14,23,162,11
271,126,1729,6,33,225,12
269,160,1713,9,22,120,10
253,146,1955,8,30,219,9
252,150,1758,9,10,54,9
243,132,1541,9,16,104,6
193,122,1201,4,14,84,6
165,100,1170,4,5,19,6
156,94,1026,2,16,113,4
134,80,796,7,11,83,2
134,82,949,3,15,74,3
132,80,858,4,16,84,2
114,66,866,9,8,34,4
112,64,868,4,11,67,4
107,55,567,2,6,30,2
102,51,613,9,19,133,3
98,48,481,1,5,40,2
97,53,548,2,10,72,1
91,48,546,1,9,68,2
66,34,542,0,5,37,4
63,34,376,2,3,21,3
56,30,296,4,4,38,0
56,27,298,1,8,46,1
55,35,414,4,7,43,2
49,33,518,2,5,18,6
38,24,182,0,3,25,1
36,19,246,2,3,24,1
28,15,161,3,3,19,0
28,18,211,0,2,18,1
28,18,188,1,0,0,0
24,15,208,1,2,10,0
22,10,86,1,1,6,1
18,8,109,1,1,7,1
16,11,107,2,1,6,0
13,10,57,0,0,0,1
10,6,87,2,0,0,1
10,6,60,0,5,38,0
8,3,25,1,0,0,0
5,4,29,0,0,0,0
5,3,35,0,0,0,0
3,1,27,0,0,0,0
3,2,33,0,0,0,0
3,1,35,0,0,0,1
2,0,0,0,0,0,0
2,0,0,0,0,0,0
1,1,14,0,0,0,1
1,1,49,0,0,0,1
1,0,0,0,0,0,0
1,0,0,0,0,0,0
1,0,0,0,0,0,0
1,1,11,0,0,0,0
1,0,0,0,0,0,0
1,0,0,0,0,0,0
1,1,22,0,0,0,0
1,1,41,0,0,0,0
1,0,0,0,0,0,0
1,1,27,0,0,0,0
1,0,0,1,0,0,0
1,0,0,0,0,0,0
1,1,1,0,0,0,1
1,1,55,0,0,0,0
1,1,15,0,0,0,0
1,0,0,0,0,0,0
1,1,33,0,0,0,0
1,0,0,1,1,6,0
1,0,0,0,0,0,0
1,1,18,0,2,3,0
1,0,0,0,0,0,0
0,0,0,0,1,7,0
0,0,0,0,1,2,0
